{"importBase":"import","nativeBase":"native","name":"main","deps":["internal"],"uuids":["010d3a23c","04b964e93","070e260c2","07GNmWOb9KtLtjSWZm/vRn","7cPn+rex5IZbqEPPgbSLn7","baIUdvKGZPgZxNbjWTFuRI","07GNmWOb9KtLtjSWZm/vRn@6c48a","0a40fbfd0","0a9f2beb8","0asxQqaWhAc5WvAmvDsjYj@0e750","0asxQqaWhAc5WvAmvDsjYj@1332c","0asxQqaWhAc5WvAmvDsjYj@2b0a8","0asxQqaWhAc5WvAmvDsjYj@2df3a","0asxQqaWhAc5WvAmvDsjYj@426f2","0asxQqaWhAc5WvAmvDsjYj@4a7d8","0asxQqaWhAc5WvAmvDsjYj@4d16f","0asxQqaWhAc5WvAmvDsjYj@71919","0asxQqaWhAc5WvAmvDsjYj@754a2","0asxQqaWhAc5WvAmvDsjYj@ef86b","0asxQqaWhAc5WvAmvDsjYj@efe84","0d0d3c8df","1brw/JvvpFnIvdrxpFCgMZ","4fTEo0LQhKTZFpg0186Czu","a3zQCfCrBCDZJ4uf2rk5u8","5a8gG1WVFOLKgfrEqtkTLL@b47c0","5a8gG1WVFOLKgfrEqtkTLL@b47c0@40c10","5a8gG1WVFOLKgfrEqtkTLL@b47c0@74afd","5a8gG1WVFOLKgfrEqtkTLL@b47c0@7d38f","5a8gG1WVFOLKgfrEqtkTLL@b47c0@8fd34","5a8gG1WVFOLKgfrEqtkTLL@b47c0@bb97f","5a8gG1WVFOLKgfrEqtkTLL@b47c0@e9a6d","5eTUjEDjRFr6JoiUhRl+i8","6fiRp7WghI5phB3bNkrIax","6fiRp7WghI5phB3bNkrIax@6c48a","700zdYHB5CTbCr6sdBBVm/","7b+d9AS8lOJYywmlAPlJEC","8aWN3s9DdAuY7AH8h96X+1","8eBHF49hxDIqL20a2yi2ri","955bAq4zhCPL27F0htsdnr","955bAq4zhCPL27F0htsdnr@6c48a","a1Vfk7d2lMpLdfsT5SGThZ","a7YStUNeNCOKGpSntUY1g5","aa3gnuj51BPKnojGhupeFg@438fe","aa3gnuj51BPKnojGhupeFg@73b7f","aa3gnuj51BPKnojGhupeFg@ef5e1","aeGN7qxuBKPb9w7lUz+bqH","aeGN7qxuBKPb9w7lUz+bqH@6c48a","b6mOVasAtJh6i0r4PN3Fn3","c5CD51rS5OqYsz3udImVsA","c5CD51rS5OqYsz3udImVsA@6c48a","ccw6dVfT1DBKo7ykeS152f","cfxTxOeVZIK668P7Hc027v","e3VTytLxVCk4Waj0PHgPKJ@18751","e3VTytLxVCk4Waj0PHgPKJ@30732","e3VTytLxVCk4Waj0PHgPKJ@39f7b","e3VTytLxVCk4Waj0PHgPKJ@4b929","e3VTytLxVCk4Waj0PHgPKJ@73b7f","e3VTytLxVCk4Waj0PHgPKJ@75ee4","e3VTytLxVCk4Waj0PHgPKJ@a72ab","e3VTytLxVCk4Waj0PHgPKJ@da6f3","e3VTytLxVCk4Waj0PHgPKJ@f1394","fdjsU2o1RKF5x0TziDw3jI"],"paths":{"4":["db:/assets/scene/main",0],"5":["db:/internal/physics/default-physics-material",2],"61":["db:/internal/default_renderpipeline/builtin-forward",1]},"scenes":{"db://assets/scene/main.scene":4},"packs":{"010d3a23c":["35","41"],"04b964e93":["9","10","11","13","14","15","16","17","18","19","4","36","37","40","50","51","52","53","54","55","57","58","59","60"],"070e260c2":["31","42","44","47"],"0a40fbfd0":["12","33","39","6","46","49"],"0a9f2beb8":["21","34"],"0d0d3c8df":["24","25","26","27","28","29","30"]},"versions":{"import":[],"native":[]},"redirect":[23,"0",5,"0",23,"0",5,"0"],"debug":false,"extensionMap":{".ccon":["43","56"]},"hasPreloadScript":true,"dependencyRelationships":{"4":["50","51","31","24"],"6":["3"],"12":["22"],"24":["30","25","28","26","29","27"],"31":["47","44","42","43"],"33":["32"],"34":["21","12"],"35":["41","49"],"36":["41","33"],"37":["21","39"],"39":["38"],"40":["41","6"],"46":["45"],"47":["23","46"],"49":["48"],"50":["34","11","40","14","35","9","18","13","17","16","10","15","19"],"51":["36","52","53","59","60","55","57","37","54","58","56"]},"types":["cc.SceneAsset","cc.RenderPipeline","cc.PhysicsMaterial"]}