[1,["7b+d9AS8lOJYywmlAPlJEC","8aWN3s9DdAuY7AH8h96X+1","5a8gG1WVFOLKgfrEqtkTLL@b47c0","a7YStUNeNCOKGpSntUY1g5","e3VTytLxVCk4Waj0PHgPKJ@73b7f","ccw6dVfT1DBKo7ykeS152f","cfxTxOeVZIK668P7Hc027v","5eTUjEDjRFr6JoiUhRl+i8","6fiRp7WghI5phB3bNkrIax@6c48a","955bAq4zhCPL27F0htsdnr@6c48a","1brw/JvvpFnIvdrxpFCgMZ","07GNmWOb9KtLtjSWZm/vRn@6c48a","700zdYHB5CTbCr6sdBBVm/","0asxQqaWhAc5WvAmvDsjYj@2b0a8","a1Vfk7d2lMpLdfsT5SGThZ","0asxQqaWhAc5WvAmvDsjYj@4a7d8","0asxQqaWhAc5WvAmvDsjYj@0e750","0asxQqaWhAc5WvAmvDsjYj@ef86b","0asxQqaWhAc5WvAmvDsjYj@426f2","0asxQqaWhAc5WvAmvDsjYj@754a2","0asxQqaWhAc5WvAmvDsjYj@71919","0asxQqaWhAc5WvAmvDsjYj@1332c","0asxQqaWhAc5WvAmvDsjYj@4d16f","0asxQqaWhAc5WvAmvDsjYj@efe84","e3VTytLxVCk4Waj0PHgPKJ@18751","e3VTytLxVCk4Waj0PHgPKJ@30732","e3VTytLxVCk4Waj0PHgPKJ@da6f3","e3VTytLxVCk4Waj0PHgPKJ@f1394","e3VTytLxVCk4Waj0PHgPKJ@4b929","e3VTytLxVCk4Waj0PHgPKJ@75ee4","8eBHF49hxDIqL20a2yi2ri","e3VTytLxVCk4Waj0PHgPKJ@39f7b","e3VTytLxVCk4Waj0PHgPKJ@a72ab"],["node","_mesh","_parent","root","_skeleton","asset","mainTexture","_effectAsset","data","scene","_envmapHDR","_envmapLDR","_defaultClip"],[["cc.Node",["_name","_objFlags","__editorExtras__","_id","_prefab","_parent","_lpos","_euler","_lrot","_children","_components","_lscale"],-1,4,1,5,5,5,2,9,5],["cc.TargetInfo",["localID"],2],["cc.MeshRenderer",["_shadowCastingMode","node","__prefab","_materials","bakeSettings","_mesh"],2,1,4,3,4,6],["cc.SkinnedMeshRenderer",["_shadowCastingMode","node","__prefab","_materials","bakeSettings","_skinningRoot","_mesh","_skeleton"],2,1,4,3,4,1,6,6],["cc.Mesh",["_native","_hash","_struct"],1,11],["cc.SceneAsset",["_name"],2],["cc.Node",["_name","_parent","_children","_prefab","_lpos","_lrot","_euler"],2,1,12,4,5,5,5],["cc.Node",["_name","_parent","_children","_prefab","_lpos","_lrot","_euler"],2,1,9,4,5,5,5],["cc.PrefabInfo",["fileId","targetOverrides","nestedPrefabInstanceRoots","root","instance","asset"],0,1,4,6],["cc.PrefabInfo",["root","asset","instance","targetOverrides","nestedPrefabInstanceRoots"],0,9,2],["cc.PrefabInfo",["fileId","instance","targetOverrides","nestedPrefabInstanceRoots","root","asset"],-1,1,1],["cc.PrefabInstance",["fileId","prefabRootNode","propertyOverrides"],1,9],["CCPropertyOverrideInfo",["propertyPath","targetInfo","value"],2,4,4],["CCPropertyOverrideInfo",["value","propertyPath","targetInfo"],1,4],["CCPropertyOverrideInfo",["propertyPath","targetInfo","value"],2,4,8],["cc.ModelBakeSettings",[],3],["cc.Scene",["_children","_prefab","_globals"],3,2,4,4],["cc.TargetOverrideInfo",["propertyPath","source","sourceInfo","target","targetInfo"],2,1,4,1,4],["cc.SceneGlobals",["ambient","shadows","_skybox","fog","octree","skin","lightProbeInfo"],3,4,4,4,4,4,4,4],["cc.AmbientInfo",["_skyIllumLDR","_skyColorHDR","_skyColorLDR"],2,5,5],["cc.ShadowsInfo",["_enabled","_type","_distance","_shadowColor","_size"],0,5,5],["cc.SkyboxInfo",["_enabled","_envmapHDR","_envmapLDR"],2,6,6],["cc.FogInfo",["_fogColor"],3,5],["cc.OctreeInfo",[],3],["cc.SkinInfo",[],3],["cc.LightProbeInfo",[],3],["cc.DirectionalLight",["_illuminanceHDR","_illuminanceLDR","_shadowEnabled","_shadowPcf","_shadowBias","_shadowSaturation","_shadowDistance","_csmLevel","_shadowFar","_shadowOrthoSize","node","_staticSettings"],-7,1,4],["cc.StaticLightSettings",[],3],["cc.Camera",["_clearFlags","_visibility","node"],1,1],["cc.Material",["_name","_states","_defines","_props"],0,12],["cc.Prefab",["_name"],2],["cc.CompPrefabInfo",["fileId"],2],["cc.SkeletalAnimation",["playOnLoad","node","__prefab","_clips","_defaultClip"],2,1,4,3,6],["cc.Skeleton",["_name","_hash","_joints","_bindposes"],0,12]],[[1,0,2],[10,0,1,2,3,4,5,5],[15,1],[12,0,1,2,2],[17,0,1,2,3,4,2],[31,0,2],[4,0,1,2,3],[13,0,1,2,3],[0,0,5,9,4,6,8,7,2],[1,1],[0,0,5,10,4,6,8,11,7,2],[2,0,1,2,3,4,5,2],[7,0,1,2,3,4,5,6,2],[0,0,5,10,4,8,11,7,2],[33,0,1,2,3,4],[0,0,5,4,6,8,7,2],[8,0,1,2,3,4,5,4],[11,0,1,2,3],[29,0,1,2,3,4],[3,1,2,3,4,5,6,7,1],[0,1,2,4,3],[0,0,3,5,10,6,8,7,3],[0,0,5,9,4,2],[0,0,5,4,6,2],[30,0,2],[2,1,2,3,4,5,1],[5,0,2],[0,1,2,5,4,3],[0,0,9,4,2],[0,0,5,10,4,6,11,7,2],[0,0,9,10,4,6,2],[0,0,9,4,6,8,7,2],[0,0,9,4,6,2],[0,0,5,9,4,8,7,2],[0,0,5,4,6,8,11,7,2],[0,0,5,9,4,6,2],[6,0,1,2,3,4,5,6,2],[9,0,1,2,3,4,4],[14,0,1,2,2],[16,0,1,2,1],[18,0,1,2,3,4,5,6,1],[19,0,1,2,2],[20,0,1,2,3,4,4],[21,0,1,2,2],[22,0,1],[23,1],[24,1],[25,1],[26,0,1,2,3,4,5,6,7,8,9,10,11,11],[27,1],[28,0,1,2,3],[32,0,1,2,3,4,2],[3,0,1,2,3,4,5,6,7,2]],[[[[6,".bin",3495632489,[{"primitives":[{"primitiveMode":7,"vertexBundelIndices":[0],"indexView":{"offset":22336,"length":3516,"count":1758,"stride":2}}],"vertexBundles":[{"view":{"offset":0,"length":22336,"count":349,"stride":64},"attributes":[{"name":"a_position","format":32,"isNormalized":false},{"name":"a_normal","format":32,"isNormalized":false},{"name":"a_texCoord","format":21,"isNormalized":false},{"name":"a_tangent","format":44,"isNormalized":false},{"name":"a_color","format":44,"isNormalized":false}]}]},"minPosition",8,[1,-1.0263243913650513,-0.3362765312194824,-0.03969179466366768],"maxPosition",8,[1,1.0416858196258545,0.37944579124450684,2.4551167488098145]]],-1],0,0,[],[],[]],[[[6,".bin",3036632834,[{"primitives":[{"primitiveMode":7,"vertexBundelIndices":[0],"indexView":{"offset":22272,"length":3516,"count":1758,"stride":2}}],"vertexBundles":[{"view":{"offset":0,"length":22272,"count":348,"stride":64},"attributes":[{"name":"a_position","format":32,"isNormalized":false},{"name":"a_normal","format":32,"isNormalized":false},{"name":"a_texCoord","format":21,"isNormalized":false},{"name":"a_tangent","format":44,"isNormalized":false},{"name":"a_color","format":44,"isNormalized":false}]}]},"minPosition",8,[1,-1.0627228021621704,-0.22964781522750854,-0.03969179466366768],"maxPosition",8,[1,1.0608391761779785,0.271166056394577,2.4551167488098145]]],-1],0,0,[],[],[]],[[[6,".bin",254309135,[{"primitives":[{"primitiveMode":7,"vertexBundelIndices":[0],"indexView":{"offset":4752,"length":1008,"count":504,"stride":2}}],"vertexBundles":[{"view":{"offset":0,"length":4752,"count":99,"stride":48},"attributes":[{"name":"a_position","format":32,"isNormalized":false},{"name":"a_normal","format":32,"isNormalized":false},{"name":"a_texCoord","format":21,"isNormalized":false},{"name":"a_tangent","format":44,"isNormalized":false}]}]},"minPosition",8,[1,-2.0139009952545166,-2.0199241638183594,-0.5083037614822388],"maxPosition",8,[1,2.0139009952545166,2.0199241638183594,0.41632819175720215]]],-1],0,0,[],[],[]],[[[6,".bin",29018075,[{"primitives":[{"primitiveMode":7,"vertexBundelIndices":[0],"indexView":{"offset":17024,"length":2616,"count":1308,"stride":2}}],"vertexBundles":[{"view":{"offset":0,"length":17024,"count":266,"stride":64},"attributes":[{"name":"a_position","format":32,"isNormalized":false},{"name":"a_normal","format":32,"isNormalized":false},{"name":"a_texCoord","format":21,"isNormalized":false},{"name":"a_tangent","format":44,"isNormalized":false},{"name":"a_color","format":44,"isNormalized":false}]}]},"minPosition",8,[1,-0.8331011533737183,-0.3728335201740265,-0.03329771012067795],"maxPosition",8,[1,0.7926641702651978,0.46718841791152954,2.0596137046813965]]],-1],0,0,[],[],[]],[[[6,".bin",1251657800,[{"primitives":[{"primitiveMode":7,"vertexBundelIndices":[0],"indexView":{"offset":44032,"length":5268,"count":2634,"stride":2}}],"vertexBundles":[{"view":{"offset":0,"length":44032,"count":688,"stride":64},"attributes":[{"name":"a_position","format":32,"isNormalized":false},{"name":"a_normal","format":32,"isNormalized":false},{"name":"a_texCoord","format":21,"isNormalized":false},{"name":"a_tangent","format":44,"isNormalized":false},{"name":"a_color","format":44,"isNormalized":false}]}]},"minPosition",8,[1,-26.697162628173828,-5.055922985076904,-21.154483795166016],"maxPosition",8,[1,60.5887565612793,11.239510536193848,12.134369850158691]]],-1],0,0,[],[],[]],[[[6,".bin",2591114660,[{"primitives":[{"primitiveMode":7,"vertexBundelIndices":[0],"indexView":{"offset":17024,"length":2616,"count":1308,"stride":2}}],"vertexBundles":[{"view":{"offset":0,"length":17024,"count":266,"stride":64},"attributes":[{"name":"a_position","format":32,"isNormalized":false},{"name":"a_normal","format":32,"isNormalized":false},{"name":"a_texCoord","format":21,"isNormalized":false},{"name":"a_tangent","format":44,"isNormalized":false},{"name":"a_color","format":44,"isNormalized":false}]}]},"minPosition",8,[1,-0.7926226854324341,-0.7388861179351807,-0.05313277989625931],"maxPosition",8,[1,0.3647039830684662,0.5992574691772461,2.038058042526245]]],-1],0,0,[],[],[]],[[[6,".bin",3382949082,[{"primitives":[{"primitiveMode":7,"vertexBundelIndices":[0],"indexView":{"offset":22144,"length":3516,"count":1758,"stride":2}}],"vertexBundles":[{"view":{"offset":0,"length":22144,"count":346,"stride":64},"attributes":[{"name":"a_position","format":32,"isNormalized":false},{"name":"a_normal","format":32,"isNormalized":false},{"name":"a_texCoord","format":21,"isNormalized":false},{"name":"a_tangent","format":44,"isNormalized":false},{"name":"a_color","format":44,"isNormalized":false}]}]},"minPosition",8,[1,-0.9536016583442688,-0.38312095403671265,-0.05688628926873207],"maxPosition",8,[1,0.487619012594223,0.4689179062843323,1.8973422050476074]]],-1],0,0,[],[],[]],[[[6,".bin",4260990112,[{"primitives":[{"primitiveMode":7,"vertexBundelIndices":[0],"indexView":{"offset":22144,"length":3516,"count":1758,"stride":2}}],"vertexBundles":[{"view":{"offset":0,"length":22144,"count":346,"stride":64},"attributes":[{"name":"a_position","format":32,"isNormalized":false},{"name":"a_normal","format":32,"isNormalized":false},{"name":"a_texCoord","format":21,"isNormalized":false},{"name":"a_tangent","format":44,"isNormalized":false},{"name":"a_color","format":44,"isNormalized":false}]}]},"minPosition",8,[1,-1.091290831565857,-0.41489967703819275,-0.07584762573242188],"maxPosition",8,[1,0.9092828035354614,0.5096479654312134,2.450913906097412]]],-1],0,0,[],[],[]],[[[6,".bin",3840728426,[{"primitives":[{"primitiveMode":7,"vertexBundelIndices":[0],"indexView":{"offset":17216,"length":2622,"count":1311,"stride":2}}],"vertexBundles":[{"view":{"offset":0,"length":17216,"count":269,"stride":64},"attributes":[{"name":"a_position","format":32,"isNormalized":false},{"name":"a_normal","format":32,"isNormalized":false},{"name":"a_texCoord","format":21,"isNormalized":false},{"name":"a_tangent","format":44,"isNormalized":false},{"name":"a_color","format":44,"isNormalized":false}]}]},"minPosition",8,[1,-0.7611004710197449,-0.18266357481479645,-0.06545485556125641],"maxPosition",8,[1,0.961718738079071,0.5065948367118835,2.02461838722229]]],-1],0,0,[],[],[]],[[[6,".bin",1400315511,[{"primitives":[{"primitiveMode":7,"vertexBundelIndices":[0],"indexView":{"offset":17216,"length":2622,"count":1311,"stride":2}}],"vertexBundles":[{"view":{"offset":0,"length":17216,"count":269,"stride":64},"attributes":[{"name":"a_position","format":32,"isNormalized":false},{"name":"a_normal","format":32,"isNormalized":false},{"name":"a_texCoord","format":21,"isNormalized":false},{"name":"a_tangent","format":44,"isNormalized":false},{"name":"a_color","format":44,"isNormalized":false}]}]},"minPosition",8,[1,-0.49995025992393494,-0.4541564881801605,-0.09076808393001556],"maxPosition",8,[1,0.9192519783973694,0.6330084204673767,2.026685953140259]]],-1],0,0,[],[],[]],[[[26,"main"],[20,0,{},[16,"e5Peksu5tL9peMeABb8/JC",null,null,-1,[17,"7e4SH9jydKyaQjXZtS5AiQ",null,[[3,["lightmapSettings"],[0,["a6J1jU/r1BPKNIcVMEREit"]],[2]],[7,1,["_shadowReceivingMode"],[0,["a6J1jU/r1BPKNIcVMEREit"]]],[3,["lightmapSettings"],[0,["28WH2cvhNDFbN3it+8Q+XK"]],[2]],[7,1,["_shadowReceivingMode"],[0,["28WH2cvhNDFbN3it+8Q+XK"]]],[3,["lightmapSettings"],[0,["87exLhmM1P35jx6GLN7j5f"]],[2]],[7,1,["_shadowReceivingMode"],[0,["87exLhmM1P35jx6GLN7j5f"]]],[3,["lightmapSettings"],[0,["dduLonFhNK+q908BUlLM7f"]],[2]],[7,1,["_shadowCastingMode"],[0,["dduLonFhNK+q908BUlLM7f"]]],[7,1,["_shadowReceivingMode"],[0,["dduLonFhNK+q908BUlLM7f"]]],[3,["lightmapSettings"],[0,["af0f1GeGlKf5MvKMEuH8MJ"]],[2]],[7,1,["_shadowReceivingMode"],[0,["af0f1GeGlKf5MvKMEuH8MJ"]]],[3,["lightmapSettings"],[0,["e9BPt5G81CloUmA5IJNHIQ"]],[2]],[7,1,["_shadowReceivingMode"],[0,["e9BPt5G81CloUmA5IJNHIQ"]]],[3,["lightmapSettings"],[0,["7dt8ZZ5EBNDIxOgpt1XbGu"]],[2]],[7,1,["_shadowReceivingMode"],[0,["7dt8ZZ5EBNDIxOgpt1XbGu"]]],[3,["lightmapSettings"],[0,["c4Nekl9YtKUKupS0ASX7It"]],[2]],[7,1,["_shadowReceivingMode"],[0,["c4Nekl9YtKUKupS0ASX7It"]]],[3,["lightmapSettings"],[0,["b9cuhcVRxPvZTPHcAyE7eS"]],[2]],[7,1,["_shadowReceivingMode"],[0,["b9cuhcVRxPvZTPHcAyE7eS"]]],[3,["lightmapSettings"],[0,["f3T3OFBBJBYrGbPSQ+k7GJ"]],[2]],[7,1,["_shadowReceivingMode"],[0,["f3T3OFBBJBYrGbPSQ+k7GJ"]]],[3,["lightmapSettings"],[0,["d0A5LfhGhAfrDnBGJ3JzOe"]],[2]],[7,1,["_shadowReceivingMode"],[0,["d0A5LfhGhAfrDnBGJ3JzOe"]]],[3,["lightmapSettings"],[0,["161SEdWiFO/abXxUI8RkYk"]],[2]],[7,1,["_shadowReceivingMode"],[0,["161SEdWiFO/abXxUI8RkYk"]]]]],2]],[20,0,{},[16,"6dMvPN2t1B66O9Zc3HG8dr",null,null,-2,[17,"93xtJEZ71OF5Gk8u497J9k",null,[[3,["lightmapSettings"],[0,["78XZsd31xPjIsSP2888FcN"]],[2]],[3,["lightmapSettings"],[0,["ffoVYmt2NOmIBz5DHpacF8"]],[2]],[3,["lightmapSettings"],[0,["9aCVBuMeZPv6so1VxT6c40"]],[2]],[3,["lightmapSettings"],[0,["ca1srfPsJJgKKJww9GO/JE"]],[2]]]],1]],[39,[-4,-5,-6,2,1],[37,null,null,null,[[4,["_skinningRoot"],2,[0,["04W3Kzvb9BZbZUGFZzfzi5"]],2,[0,["6dMvPN2t1B66O9Zc3HG8dr"]]],[4,["_skinningRoot"],2,[0,["04W3Kzvb9BZbZUGFZzfzi5"]],2,[0,["6dMvPN2t1B66O9Zc3HG8dr"]]],[4,["_skinningRoot"],2,[0,["04W3Kzvb9BZbZUGFZzfzi5"]],2,[0,["6dMvPN2t1B66O9Zc3HG8dr"]]],[4,["_skinningRoot"],2,[0,["04W3Kzvb9BZbZUGFZzfzi5"]],2,[0,["6dMvPN2t1B66O9Zc3HG8dr"]]],[4,["_skinningRoot"],1,[9],1,[0,["87M1Av0v5LhZ3LsJOTzwr3"]]],[4,["_skinningRoot"],1,[9],1,[0,["8avX4W7ZtLOLCZ8n5QtiPm"]]],[4,["_skinningRoot"],1,[9],1,[0,["5fAmHUz0xO9YFym/gsZawP"]]],[4,["_skinningRoot"],1,[9],1,[0,["9bIVhdYYpFl7JZmL4oubNS"]]],[4,["_skinningRoot"],1,[9],1,[0,["2d66RAsipF1brG2RGpHJY1"]]],[4,["_skinningRoot"],1,[9],1,[0,["ffwse8PqZBf4sIEkNdsA+i"]]],[4,["_skinningRoot"],1,[9],1,[0,["adNP+ELEhC4awfcKkY8jYJ"]]],[4,["_skinningRoot"],1,[9],1,[0,["33gYFxG8dO2r8iKjzjEx4z"]]],[4,["_skinningRoot"],1,[9],1,[0,["27mCip0lFNkL+6Dj/Bpwj4"]]],[4,["_skinningRoot"],1,[9],1,[0,["50aim7sdtB2rmsHB4KRkd5"]]],[4,["_skinningRoot"],1,[9],1,[0,["70DWXrCRRL4pWATtzgi7DN"]]],[4,["_skinningRoot"],1,[9],1,[0,["7aOtJ3fThN27Zj4fmkg0ut"]]]],[-3,2,1]],[40,[41,0.78125,[2,0.2,0.5019607843137255,0.8,0.520833125],[2,0.2,0.5019607843137255,0.8,0.520833125]],[42,true,1,1,[4,1929379840],[0,512,512]],[43,true,3,4],[44,[4,4292993505]],[45],[46],[47]]],[27,0,{},3,[16,"26LvC5hbxAuJZ9Jl2SB/IV",null,null,-7,[17,"cdNOYl3LRPhapW8a8hi/Iy",null,[[3,["lightmapSettings"],[0,["ddvMFij+ZIL5lu+/NQX8Nf"]],[2]],[3,["lightmapSettings"],[0,["e3XMjUJKFLH41z39JaWzyB"]],[2]],[38,["position"],[0,["fd517lz3tOuqVWGd5300X6"]],[1,-1.341,0.805,-2.555]],[3,["lightmapSettings"],[0,["a5Viy6l3VLDpf6gY5yZF+v"]],[2]],[7,1,["_shadowCastingMode"],[0,["a5Viy6l3VLDpf6gY5yZF+v"]]],[3,["lightmapSettings"],[0,["e4If/bQrJCsb9D9JopZa2h"]],[2]],[3,["lightmapSettings"],[0,["d7Vkz0NV5Mn4RUce28JVTp"]],[2]],[3,["lightmapSettings"],[0,["3eVATgLQJKDbqOvE33W2uc"]],[2]],[3,["lightmapSettings"],[0,["2akU/MgO5Ovo6QcS0c/I7e"]],[2]],[3,["lightmapSettings"],[0,["54xaKIQbtPLK5r21VY0qmM"]],[2]],[3,["lightmapSettings"],[0,["23UFBqszxJ/6Otof04QwYT"]],[2]],[3,["lightmapSettings"],[0,["c7PE6gNTdDw45ytwlOEWR3"]],[2]]]],0]],[21,"Main Light","c0y6F5f+pAvI805TdmxIjx",3,[[48,125000,3.2552083333333335,true,2,0.01,0.45098039215686275,10,1,50,10,-8,[49]]],[1,-2.955,3.412,5.118],[3,-0.24999999999999997,-0.24999999999999997,-0.06698729810778066,0.9330127018922194],[1,-30,-30,0]],[21,"Main Camera","c9DMICJLFO5IeO07EPon7U",3,[[50,14,1820327937,-9]],[1,0.4563737338172984,4.020698998822525,7.83104356477376],[3,-0.07236081996736556,0.03501809641207027,0.002542173940871125,0.9967603433167774],[1,-8.304321541008003,4.024165472580301,9.93923337957349e-17]]],0,[0,3,1,0,3,2,0,-1,4,0,-1,5,0,-2,6,0,-3,4,0,3,4,0,0,5,0,0,6,0,9,3,1,2,3,2,2,3,9],[0,0,0,0,0],[5,5,5,10,11],[5,6,7,2,2]],[[[18,"soldier",[{"blendState":{"targets":[{}]},"depthStencilState":{},"rasterizerState":{}},{"blendState":{"targets":[{}]},"depthStencilState":{},"rasterizerState":{}},{"blendState":{"targets":[{}]},"depthStencilState":{},"rasterizerState":{}},{"blendState":{"targets":[{}]},"depthStencilState":{},"rasterizerState":{}}],[{"USE_OUTLINE_PASS":true},{"USE_BASE_COLOR_MAP":true,"BASE_COLOR_MAP_AS_SHADE_MAP_1":true,"BASE_COLOR_MAP_AS_SHADE_MAP_2":true},{"USE_BASE_COLOR_MAP":true,"BASE_COLOR_MAP_AS_SHADE_MAP_1":true,"BASE_COLOR_MAP_AS_SHADE_MAP_2":true},{"USE_BASE_COLOR_MAP":true}],[[{},[{},"specular",8,[4,16777215],"mainTexture",6,0],{},{}],0,11,0,0]]],0,0,[0,0],[6,7],[8,3]],[[[18,"shield",[{"blendState":{"targets":[{}]},"depthStencilState":{},"rasterizerState":{}},{"blendState":{"targets":[{}]},"depthStencilState":{},"rasterizerState":{}},{"blendState":{"targets":[{}]},"depthStencilState":{},"rasterizerState":{}}],[{"USE_ALBEDO_MAP":true},{"USE_ALBEDO_MAP":true},{"USE_ALBEDO_MAP":true}],[[[{"alphaThreshold":0,"roughness":0.70710676908493,"metallic":0.400000005960464},"mainTexture",6,0],{},{}],11,0,0]]],0,0,[0,0],[6,7],[9,10]],[[[18,"stone",[{"blendState":{"targets":[{}]},"depthStencilState":{},"rasterizerState":{}},{"blendState":{"targets":[{}]},"depthStencilState":{},"rasterizerState":{}},{"blendState":{"targets":[{}]},"depthStencilState":{},"rasterizerState":{}},{"blendState":{"targets":[{}]},"depthStencilState":{},"rasterizerState":{}}],[{"USE_OUTLINE_PASS":true},{"USE_BASE_COLOR_MAP":true,"BASE_COLOR_MAP_AS_SHADE_MAP_1":true,"BASE_COLOR_MAP_AS_SHADE_MAP_2":true},{"USE_BASE_COLOR_MAP":true,"BASE_COLOR_MAP_AS_SHADE_MAP_1":true,"BASE_COLOR_MAP_AS_SHADE_MAP_2":true},{"USE_BASE_COLOR_MAP":true}],[[{},[{},"specular",8,[4,16777215],"mainTexture",6,0],{},{}],0,11,0,0]]],0,0,[0,0],[6,7],[11,3]],[[[24,"islands"],[28,"islands",[-2],[1,"26LvC5hbxAuJZ9Jl2SB/IV",null,null,null,-1,0]],[22,"RootNode",1,[-3,-4,-5,-6,-7,-8,-9,-10,-11,-12],[1,"068WXOAs1HrIDx+RBQ6XoV",null,null,null,1,0]],[13,"plane01",2,[[25,-13,[5,"ddvMFij+ZIL5lu+/NQX8Nf"],[0],[2],1]],[1,"70dgNwYARPfbvgVcNs+gIQ",null,null,null,1,0],[3,-0.7071067811865476,0,0,0.7071067811865476],[1,4.25968408584595,4.25968408584595,2.35247683525085],[1,-90.00000000000003,0,0]],[29,"stone1",2,[[11,1,-14,[5,"e3XMjUJKFLH41z39JaWzyB"],[2],[2],3]],[1,"fd517lz3tOuqVWGd5300X6",null,null,null,1,0],[1,-1.68451106548309,0.804959058761597,-2.55509376525879],[1,0.111417099833488,0.111417099833488,0.111417099833488],[1,0.000009334667642611398,0,0]],[10,"tree1",2,[[25,-15,[5,"a5Viy6l3VLDpf6gY5yZF+v"],[4],[2],5]],[1,"1evO3wfhhGVomhJPkvbiM/",null,null,null,1,0],[1,2.69967889785767,0.392187118530273,-3.67192149162292],[3,-0.7071067811865476,0,0,0.7071067811865476],[1,2.53999996185303,2.53999996185303,2.53999996185303],[1,-90.00000000000003,0,0]],[10,"tree1(__autogen 3)",2,[[11,1,-16,[5,"e4If/bQrJCsb9D9JopZa2h"],[6],[2],7]],[1,"91DpAWXZ9CFJ+Wk1gnOU27",null,null,null,1,0],[1,4.34285020828247,0.273025780916214,-4.5796275138855],[3,-0.7071067811865476,0,0,0.7071067811865476],[1,2.53999996185303,2.53999996185303,2.53999996185303],[1,-90.00000000000003,0,0]],[10,"tree1(__autogen 4)",2,[[11,1,-17,[5,"d7Vkz0NV5Mn4RUce28JVTp"],[8],[2],9]],[1,"03YnQPZo5Nc7TYZfZ1EVIK",null,null,null,1,0],[1,-2.78155946731567,0.366120487451553,-5.44366216659546],[3,-0.7071067811865476,0,0,0.7071067811865476],[1,2.53999996185303,2.53999996185303,2.53999996185303],[1,-90.00000000000003,0,0]],[10,"tree1(__autogen 5)",2,[[11,1,-18,[5,"3eVATgLQJKDbqOvE33W2uc"],[10],[2],11]],[1,"aehmnp6BdEt5duOREy07Ic",null,null,null,1,0],[1,-3.78196001052856,0.328564822673798,-3.62895131111145],[3,-0.7071067811865447,-6.18172403853676e-8,-6.18172403853676e-8,0.7071067811865447],[1,2.53999996185303,2.53999996185303,2.53999996185303],[1,-89.99999999999999,-0.000010017912624975451,0]],[10,"tree1(__autogen 6)",2,[[11,1,-19,[5,"2akU/MgO5Ovo6QcS0c/I7e"],[12],[2],13]],[1,"1dXVprqA1AkpKbrdcroE4U",null,null,null,1,0],[1,-6.02857780456543,0.0573978498578072,-3.32550001144409],[3,-0.7071067811865476,0,0,0.7071067811865476],[1,2.53999996185303,2.53999996185303,2.53999996185303],[1,-90.00000000000003,0,0]],[10,"tree1(__autogen 7)",2,[[11,1,-20,[5,"54xaKIQbtPLK5r21VY0qmM"],[14],[2],15]],[1,"c2n9MRvPxJRbv1PP2mhkZO",null,null,null,1,0],[1,-0.547172009944916,0.595235526561737,-3.40697646141052],[3,-0.7071067811865476,0,0,0.7071067811865476],[1,2.53999996185303,2.53999996185303,2.53999996185303],[1,-90.00000000000003,0,0]],[10,"tree1(__autogen 8)",2,[[11,1,-21,[5,"23UFBqszxJ/6Otof04QwYT"],[16],[2],17]],[1,"e7VpTFkQ1Ev40vpNxYe7EG",null,null,null,1,0],[1,-6.58904409408569,0.117208734154701,-1.02060234546661],[3,-0.7071067811865476,0,0,0.7071067811865476],[1,2.53999996185303,2.53999996185303,2.53999996185303],[1,-90.00000000000003,0,0]],[10,"tree1(__autogen 9)",2,[[11,1,-22,[5,"c7PE6gNTdDw45ytwlOEWR3"],[18],[2],19]],[1,"a1wQefYUNInYWhsOmPzInv",null,null,null,1,0],[1,5.92053079605103,0.1805190294981,-2.71322011947632],[3,-0.7071067811865447,-6.18172403853676e-8,-6.18172403853676e-8,0.7071067811865447],[1,2.53999996185303,2.53999996185303,2.53999996185303],[1,-89.99999999999999,-0.000010017912624975451,0]]],0,[0,3,1,0,-1,2,0,-1,3,0,-2,4,0,-3,5,0,-4,6,0,-5,7,0,-6,8,0,-7,9,0,-8,10,0,-9,11,0,-10,12,0,0,3,0,0,4,0,0,5,0,0,6,0,0,7,0,0,8,0,0,9,0,0,10,0,0,11,0,0,12,0,8,1,22],[0,0,0,0,0,0,0,0,0,0,0,0,0,0,0,0,0,0,0,0],[-1,1,-1,1,-1,1,-1,1,-1,1,-1,1,-1,1,-1,1,-1,1,-1,1],[12,13,14,15,0,16,0,17,0,18,0,19,0,20,0,21,0,22,0,23]],[[[24,"soldier"],[30,"soldier",[-3],[[51,true,-2,[5,"04W3Kzvb9BZbZUGFZzfzi5"],[12],13]],[1,"6dMvPN2t1B66O9Zc3HG8dr",null,null,null,-1,0],[1,0,0.956,1.402]],[22,"RootNode",1,[-4,-5,-6,-7,-8],[1,"a5uiqiY3JH2IVaNOBBe7fQ",null,null,null,1,0]],[31,"Bip001 Spine",[-9,-10,-11],[1,"deedfocu1E0amfQjzHnnD8",null,null,null,1,0],[1,0.0765029862523079,-0.000119566058856435,1.06260117149759e-7],[3,-0.000002080475910607327,-6.936759723456761e-7,0.0003981589901667568,0.9999999207323014],[1,-0.00023837338537102568,-0.00007939450691674313,0.045625660794268635]],[32,"Bip001 Neck",[-12,-13,-14],[1,"de+U9IqPVD+qUUY0y7H/86",null,null,null,1,0],[1,0.15020164847374,-0.0000435724105045665,-1.20852522433879e-10]],[36,"Bip001",2,[[[15,"Bip001 Footsteps",-15,[1,"24sP2WouNOyq9Pp+iqRgiX",null,null,null,1,0],[1,-5.16987871290063e-28,0,-0.734457075595856],[3,-6.921034890422563e-34,6.921044533149828e-34,0.7071063043492202,0.7071072580235535],[1,0,-1.1216009582263186e-31,90]],-16],4,1],[1,"15XJ/3651AFKLyr6XRj3d7",null,null,null,1,0],[1,0,0.738336980342865,-3.74271143591121e-12],[3,-0.5000003576277411,-0.4999996423720031,-0.4999996423720031,0.5000003576277411],[1,-90,-89.99991803772988,0]],[13,"soldier",2,[[52,1,-17,[5,"78XZsd31xPjIsSP2888FcN"],[0],[2],1,1,2]],[1,"824q3ldSpHoYl9xi6zWeg4",null,null,null,1,0],[3,0.9999999999999953,0,0,-9.735359185469814e-8],[1,87.7489852905273,87.7489852905273,87.7489852905273],[1,-179.99998884410013,0,0]],[33,"Bip001 Pelvis",5,[3],[1,"9brOPlFAxPnLhkrpP6KbLQ",null,null,null,1,0],[3,-0.4999999925491744,-0.4999999925491744,-0.4999993070957696,0.5000007078049007],[1,-89.9999197452773,-89.9999197452773,-0.0000017074910412130916]],[8,"Bip001 L Thigh",3,[-18],[1,"4aENadJ59Io4SS6BMn9Aw4",null,null,null,1,0],[1,-0.0765029117465019,0.000180334449396469,0.0665242150425911],[3,-0.015412850192755845,0.9969698713847834,0.002043751751963479,-0.07621904406852757],[1,-0.098918034361683,-171.25793904676914,-1.7789668366715101]],[8,"Bip001 L Calf",8,[-19],[1,"71+6ovA8dDUowhlyNGBIbM",null,null,null,1,0],[1,0.368020862340927,-2.38418573772492e-9,1.90734859017994e-8],[3,-3.77253945323161e-21,-4.658679694134547e-18,-0.0008097870399876981,0.999999672122421],[1,-8.646032309262241e-19,-5.338462443351186e-16,-0.09279476953314847]],[8,"Bip001 L Foot",9,[-20],[1,"71/rP0sWxM1bfHuNwls2lv",null,null,null,1,0],[1,0.29802131652832,-2.38418573772492e-9,0],[3,0.0020737143220202685,-0.07621822672483194,0.016616994877612996,0.9969505289155877],[1,0.3822464844159605,-8.749946017824339,1.8805865416881686]],[12,"Bip001 L Toe0",10,[[34,"Bip001 L Toe0Nub",-21,[1,"b7ARhVJWFJP4yiboWbM1Xs",null,null,null,1,0],[1,0.00997863244265318,-2.98023217215615e-10,3.55271359939116e-17],[3,9.55341250274695e-16,-2.4399608215727e-23,1,1.83758927467374e-15],[1,-1,-1,-1],[1,180,-179.9999999999999,2.1057221983462293e-13]]],[1,"b7IX4wc+BII5SOxaDKm4bu",null,null,null,1,0],[1,0.0765028968453407,0.0984558463096619,1.90734859017994e-8],[3,-1.5454308319985125e-8,-1.5454308319985125e-8,0.7071067811865472,0.7071067811865472],[1,0,-0.0000025044778683729224,90]],[8,"Bip001 R Thigh",3,[-22],[1,"baRkxlpMJMup2UzoK3llZt",null,null,null,1,0],[1,-0.0765029117465019,0.000180703471414745,-0.0665242150425911],[3,-0.0154126518850906,0.9969698755273314,-0.0020409899233692465,0.07621910398987286],[1,0.09860398393799301,171.25792731952373,-1.7789200579558455]],[8,"Bip001 R Calf",12,[-23],[1,"8a4oYAyD9MkZi9aL5G15gW",null,null,null,1,0],[1,0.36802089214325,0,-3.55271359939116e-17],[3,2.226103102352033e-19,7.125063520427799e-18,-0.0008097898921612967,0.9999996721201113],[1,2.6170459347986135e-17,8.164935972515574e-16,-0.09279509636827488]],[8,"Bip001 R Foot",13,[-24],[1,"cdWn1utjJOUaNdTLXxb/CR",null,null,null,1,0],[1,0.29802131652832,0,-3.81469718035987e-8],[3,-0.002073778117879438,0.07621821928385913,0.016617013506159614,0.9969505290412618],[1,-0.38225392566993516,8.749945293799216,1.8805881155171484]],[12,"Bip001 R Toe0",14,[[23,"Bip001 R Toe0Nub",-25,[1,"77BI3YwgNJqKMpf0rJhZ9s",null,null,null,1,0],[1,0.00997863244265318,-2.98023217215615e-10,7.10542719878232e-17]]],[1,"26R5ll6SNGP5ArlFhrFOzH",null,null,null,1,0],[1,0.0765028968453407,0.0984558537602425,1.90734859017994e-8],[3,-1.5454308319985125e-8,-1.5454308319985125e-8,0.7071067811865472,0.7071067811865472],[1,0,-0.0000025044778683729224,90]],[35,"Bip001 Spine1",3,[4],[1,"78+5xpqyNL2aHMIBr4YHvg",null,null,null,1,0],[1,0.150201484560966,-0.000119601711048745,-3.31727090241429e-10]],[8,"Bip001 L Clavicle",4,[-26],[1,"c67UVUfoFCNLAcx8dX7SW1",null,null,null,1,0],[1,0,0.0000435078145528678,0.0232834853231907],[3,0.6087613827170933,-0.0002434881366867595,0.7933532758994495,0.0003150325566206266],[1,179.9558877717535,-104.99999523006848,0.01165464185401893]],[8,"Bip001 L UpperArm",17,[-27],[1,"66qUHYCHZNMoAvIMM8jTZn",null,null,null,1,0],[1,0.272405058145523,4.54747340722069e-15,0],[3,0.004462069723208538,0.4381802273458216,-0.0019434620153348766,0.8988739629404916],[1,0.5572016837940187,51.97620557313351,0.02386521946895269]],[8,"Bip001 L Forearm",18,[-28],[1,"503RTkgyFOwZRj7QxbXFGT",null,null,null,1,0],[1,0.263291478157043,0,0],[3,-2.7197715504795845e-20,-3.0893820368327117e-17,-0.0008803606294924629,0.9999996124825059],[1,-6.233264281423144e-18,-3.5401778996822195e-15,-0.10088191006996569]],[12,"Bip001 L Hand",19,[[15,"sword01",-29,[1,"98Mxm4C+NAIp1/ms1CXDWg",null,null,null,1,0],[1,0.0919111594557762,0.0340489186346531,-0.14926840364933],[3,0.6409670678902519,-0.3070256396863465,-0.5278458569202463,-0.4650540030872693],[1,-112.37885078724646,75.2002383569922,5.587571211625747]]],[1,"7cWlWOkFtKX6ILXuZfhYqO",null,null,null,1,0],[1,0.199572831392288,-5.9604643443123e-10,1.42108543975646e-16],[3,-0.7068252124052271,1.0458620867947887e-8,1.0614867442646885e-8,0.7073882378922519],[1,-89.95437890588059,0.0000017075473071153707,1.3340228971442967e-8]],[8,"Bip001 R Clavicle",4,[-30],[1,"9fRB6KFOpAz6pb5W8NAqZg",null,null,null,1,0],[1,0,0.0000436370064562652,-0.0232834853231907],[3,-0.6087613827171046,0.00024128768333211222,0.793353275899464,0.0003167210153793466],[1,-179.95597003338875,104.99999512047448,0.011961643569376679]],[8,"Bip001 R UpperArm",21,[-31],[1,"a72KzY4dJDrb/Ifgjl7CSF",null,null,null,1,0],[1,0.272405058145523,6.82120985672115e-14,-1.42108543975646e-16],[3,-0.030114175418424236,-0.43755956999841955,0.05059855375302801,0.897259463867486],[1,-0.5631334715243025,-51.96038786477057,6.727854372934277]],[8,"Bip001 R Forearm",22,[-32],[1,"5eAc4VAlRExZ6nABKN5Ihq",null,null,null,1,0],[1,0.263291418552399,0,-7.62939436071974e-8],[3,-8.302567498559346e-18,-5.588016764292516e-17,-0.13176086831298384,0.9912815309393233],[1,-1.8510999406615195e-15,-6.705762043264369e-15,-15.14271605062808]],[12,"Bip001 R Hand",23,[[15,"shield01",-33,[1,"4f4kzbhYBIMIVjz0nZTcvw",null,null,null,1,0],[1,0.124533005058765,-0.00692871073260903,0.0576667860150337],[3,0.5417342069004817,-0.1379658103002438,0.11668003843623054,0.8208990515846776],[1,67.2841187503732,-20.685866498064005,2.411917394086867]]],[1,"19JEI2tAtAo5mcAZ7XSRWH",null,null,null,1,0],[1,0.199572905898094,8.88178399847791e-18,0],[3,0.7068252124052272,-1.9327187937127104e-17,1.9311804031753923e-17,0.707388237892252],[1,89.95437890588059,-3.1308585900006548e-15,-7.956237644289779e-23]],[12,"Bip001 Head",4,[[23,"Bip001 HeadNub",-34,[1,"ebvw49UjBMKoIvQOBhsyUF",null,null,null,1,0],[1,0.475234657526016,-1.45519149031062e-13,2.99510855318999e-20]]],[1,"4ckJuubwNG3KpsMgkuxo12",null,null,null,1,0],[1,0.0547203049063683,-1.38777874976217e-19,2.71050537062924e-22],[3,-7.265599787883251e-14,1.1042733174299354e-9,-0.0003988305609355657,0.9999999204670887],[1,4.214242912539149e-11,1.2654042790710837e-7,-0.04570261697650697]],[13,"shield",2,[[19,-35,[5,"ffoVYmt2NOmIBz5DHpacF8"],[3],[2],1,4,5]],[1,"2fgzyRcBxNmZKzBdJpnT0Q",null,null,null,1,0],[3,0.9999999999999878,0,0,-1.569582366300871e-7],[1,87.7489852905273,87.7489852905273,87.7489852905273],[1,-179.99998201391097,0,0]],[13,"sword",2,[[19,-36,[5,"9aCVBuMeZPv6so1VxT6c40"],[6],[2],1,7,8]],[1,"d0xEUY/HZBVZJ0EMEz3doQ",null,null,null,1,0],[3,0.9999999999999878,0,0,-1.569582366300871e-7],[1,87.7489852905273,87.7489852905273,87.7489852905273],[1,-179.99998201391097,0,0]],[10,"shield01",2,[[19,-37,[5,"ca1srfPsJJgKKJww9GO/JE"],[9],[2],1,10,11]],[1,"464KPea2NOibwROP5moUvA",null,null,null,1,0],[1,-0.00499999988824129,0,0.00499999988824129],[3,0.9999999999999878,0,0,-1.569582366300871e-7],[1,87.7489852905273,87.7489852905273,87.7489852905273],[1,-179.99998201391097,0,0]]],0,[0,3,1,0,0,1,0,-1,2,0,-1,6,0,-2,5,0,-3,26,0,-4,27,0,-5,28,0,-1,8,0,-2,12,0,-3,16,0,-1,17,0,-2,21,0,-3,25,0,2,5,0,-2,7,0,0,6,0,-1,9,0,-1,10,0,-1,11,0,2,11,0,-1,13,0,-1,14,0,-1,15,0,2,15,0,-1,18,0,-1,19,0,-1,20,0,2,20,0,-1,22,0,-1,23,0,-1,24,0,2,24,0,2,25,0,0,26,0,0,27,0,0,28,0,8,1,3,2,7,4,2,16,37],[0,0,0,0,0,0,0,0,0,0,0,0,0,0],[-1,1,4,-1,1,4,-1,1,4,-1,1,4,-1,12],[1,24,25,1,26,27,1,28,29,30,31,32,4,4]],[[[6,".bin",2341262723,[{"primitives":[{"primitiveMode":7,"jointMapIndex":0,"vertexBundelIndices":[0],"indexView":{"offset":70128,"length":6960,"count":3480,"stride":2}}],"vertexBundles":[{"view":{"offset":0,"length":70128,"count":974,"stride":72},"attributes":[{"name":"a_position","format":32,"isNormalized":false},{"name":"a_normal","format":32,"isNormalized":false},{"name":"a_texCoord","format":21,"isNormalized":false},{"name":"a_tangent","format":44,"isNormalized":false},{"name":"a_joints","format":42,"isNormalized":false},{"name":"a_weights","format":44,"isNormalized":false}]}],"jointMaps":[[0,1,2,3,4,5,6,7,8,9,10,11,12,13,14,15,16,17,18,19,20]]},"minPosition",8,[1,-0.006235902663320303,-0.022199034690856934,-0.00308204535394907],"maxPosition",8,[1,0.006235902663320303,0.0000021968080545775592,0.0029080540407449007]]],-1],0,0,[],[],[]],[[[14,"Skin-0",2507836796,["RootNode/Bip001/Bip001 Pelvis/Bip001 Spine/Bip001 L Thigh","RootNode/Bip001/Bip001 Pelvis/Bip001 Spine/Bip001 R Thigh","RootNode/Bip001/Bip001 Pelvis","RootNode/Bip001/Bip001 Pelvis/Bip001 Spine","RootNode/Bip001/Bip001 Pelvis/Bip001 Spine/Bip001 R Thigh/Bip001 R Calf","RootNode/Bip001","RootNode/Bip001/Bip001 Pelvis/Bip001 Spine/Bip001 L Thigh/Bip001 L Calf","RootNode/Bip001/Bip001 Pelvis/Bip001 Spine/Bip001 R Thigh/Bip001 R Calf/Bip001 R Foot","RootNode/Bip001/Bip001 Pelvis/Bip001 Spine/Bip001 Spine1/Bip001 Neck/Bip001 Head/Bip001 HeadNub","RootNode/Bip001/Bip001 Pelvis/Bip001 Spine/Bip001 Spine1/Bip001 Neck/Bip001 Head","RootNode/Bip001/Bip001 Pelvis/Bip001 Spine/Bip001 Spine1/Bip001 Neck/Bip001 R Clavicle","RootNode/Bip001/Bip001 Pelvis/Bip001 Spine/Bip001 Spine1/Bip001 Neck/Bip001 L Clavicle","RootNode/Bip001/Bip001 Pelvis/Bip001 Spine/Bip001 Spine1","RootNode/Bip001/Bip001 Pelvis/Bip001 Spine/Bip001 Spine1/Bip001 Neck","RootNode/Bip001/Bip001 Pelvis/Bip001 Spine/Bip001 L Thigh/Bip001 L Calf/Bip001 L Foot","RootNode/Bip001/Bip001 Pelvis/Bip001 Spine/Bip001 Spine1/Bip001 Neck/Bip001 L Clavicle/Bip001 L UpperArm","RootNode/Bip001/Bip001 Pelvis/Bip001 Spine/Bip001 Spine1/Bip001 Neck/Bip001 R Clavicle/Bip001 R UpperArm","RootNode/Bip001/Bip001 Pelvis/Bip001 Spine/Bip001 Spine1/Bip001 Neck/Bip001 L Clavicle/Bip001 L UpperArm/Bip001 L Forearm","RootNode/Bip001/Bip001 Pelvis/Bip001 Spine/Bip001 Spine1/Bip001 Neck/Bip001 L Clavicle/Bip001 L UpperArm/Bip001 L Forearm/Bip001 L Hand","RootNode/Bip001/Bip001 Pelvis/Bip001 Spine/Bip001 Spine1/Bip001 Neck/Bip001 R Clavicle/Bip001 R UpperArm/Bip001 R Forearm","RootNode/Bip001/Bip001 Pelvis/Bip001 Spine/Bip001 Spine1/Bip001 Neck/Bip001 R Clavicle/Bip001 R UpperArm/Bip001 R Forearm/Bip001 R Hand","RootNode/Bip001/Bip001 Pelvis/Bip001 Spine/Bip001 Spine1/Bip001 Neck/Bip001 R Clavicle/Bip001 R UpperArm/Bip001 R Forearm/Bip001 R Hand/shield01"],[[[7,13.330132484436035,0.5659459233283997,-86.72872161865234,0,86.68508911132812,2.7542707920074463,13.341398239135742,0,2.808293342590332,-87.70392608642578,-0.14067713916301727,0,0.719279408454895,0.022746119648218155,0.1780078411102295,1],[7,-13.330143928527832,-0.5657054781913757,-86.72872924804688,0,86.68508911132812,2.7542707920074463,-13.34140396118164,0,2.8082568645477295,-87.70392608642578,0.14043928682804108,0,0.7192792892456055,0.022746119648218155,-0.17800788581371307,1],[7,0.00012169029650976881,0.0002419860102236271,87.74899291992188,0,-87.74898529052734,-0.00001708502350084018,0.00012169034744147211,0,0.000017085358194890432,-87.74899291992188,0.0002419859665678814,0,-0.738336980342865,6.5663993339959426e-12,0.0000010239258472211077,1],[7,9.57883514729474e-8,-0.00012308494478929788,87.74899291992188,0,-87.74895477294922,0.06985900551080704,1.9377911542051152e-7,0,-0.06985900551080704,-87.74896240234375,-0.00012308482837397605,0,-0.8148396015167236,0.0007684377487748861,2.1313388831600832e-9,1],[7,-13.329378128051758,-0.5835267305374146,-86.72872924804688,0,86.68132781982422,2.870192527770996,-13.341405868530273,0,2.9255402088165283,-87.7000961303711,0.14043459296226501,0,0.3512277603149414,0.023215843364596367,-0.17800790071487427,1],[7,0.00012029569188598543,87.74899291992188,-5.373075573876507e-15,0,-0.000017085358194890432,2.3417063427233487e-11,-87.74898529052734,0,-87.74899291992188,0.00012029569188598543,0.000017085358194890432,0,3.742711869592075e-12,-5.034101432245029e-17,-0.738336980342865,1],[7,13.329362869262695,0.5837728977203369,-86.72872161865234,0,86.68132781982422,2.870190143585205,13.341397285461426,0,2.9255752563476562,-87.7000961303711,-0.14067858457565308,0,0.3512278199195862,0.023215826600790024,0.1780078411102295,1],[7,0.000003835630195681006,0.00012029569188598543,-87.74899291992188,0,87.74898529052734,-0.000017085363651858643,0.0000038356070035661105,0,-0.000017085358194890432,-87.74899291992188,-0.00012029569188598543,0,0.08038292825222015,0.021714111790060997,-0.16770152747631073,1],[7,0.0001178546590381302,-0.00012308491568546742,87.74899291992188,0,-87.74898529052734,-0.000017085523722926155,0.00011785465176217258,0,0.000017085358194890432,-87.74899291992188,-0.00012308494478929788,0,-1.6451982259750366,5.87142210406455e-7,0.0000022096469365351368,1],[7,0.0001178546590381302,-0.00012308491568546742,87.74899291992188,0,-87.74898529052734,-0.000017085523722926155,0.00011785465176217258,0,0.000017085358194890432,-87.74899291992188,-0.00012308494478929788,0,-1.1699634790420532,-5.1139195988980646e-8,0.0000015713648053861107,1],[7,-84.7590103149414,-0.00011930296022910625,22.711111068725586,0,22.711111068725586,0.000016954663806245662,84.7590103149414,0,-0.00011962600547121838,87.74899291992188,0.00001450093350285897,0,0.26615607738494873,4.7347434417588374e-8,1.0832682847976685,1],[7,84.7590103149414,-0.00012128843081882223,22.711111068725586,0,22.711111068725586,0.000016954663806245662,-84.7590103149414,0,0.00011276743316557258,87.74899291992188,0.00004776870264322497,0,0.26615607738494873,4.734742375944734e-8,-1.0832682847976685,1],[7,9.57883514729474e-8,-0.00012308494478929788,87.74899291992188,0,-87.74895477294922,0.06985900551080704,1.9377911542051152e-7,0,-0.06985900551080704,-87.74896240234375,-0.00012308482837397605,0,-0.9650411605834961,0.0008880393579602242,2.4630661954461175e-9,1],[7,9.57883514729474e-8,-0.00012308494478929788,87.74899291992188,0,-87.74895477294922,0.06985900551080704,1.9377911542051152e-7,0,-0.06985900551080704,-87.74896240234375,-0.00012308482837397605,0,-1.1152427196502686,0.0009316118084825575,2.583918634613269e-9,1],[7,0.000003835630195681006,0.00012029569188598543,-87.74899291992188,0,87.74898529052734,-0.000017085363651858643,0.0000038356070035661105,0,-0.000017085358194890432,-87.74899291992188,-0.00012029569188598543,0,0.08038290590047836,0.0217141043394804,0.16770148277282715,1],[7,34.319801330566406,0.7709546685218811,80.75544738769531,0,80.75911712646484,-0.3673746883869171,-34.31785202026367,0,0.0365816168487072,87.74483489990234,-0.853227436542511,0,0.8495007157325745,-0.006890855263918638,-0.672168493270874,1],[7,-34.105628967285156,3.229346752166748,80.7852783203125,0,80.19358825683594,-9.797160148620605,34.247459411621094,0,10.280043601989746,87.1405258178711,0.8565954566001892,0,0.8434666395187378,-0.10610441118478775,0.6714277267456055,1],[7,34.318382263183594,0.8313809037208557,80.75544738769531,0,80.75962829589844,-0.22517983615398407,-34.317848205566406,0,-0.11791250109672546,87.7447509765625,-0.8532273173332214,0,0.5862204432487488,-0.005858692806214094,-0.6721684336662292,1],[7,34.318382263183594,-80.75476837158203,0.8956841230392456,0,80.75962829589844,34.31765365600586,-0.25250619649887085,0,-0.11791250109672546,0.9230960011482239,87.74404907226562,0,0.38664767146110535,0.6721636056900024,-0.0063939220272004604,1],[7,-33.76499557495117,-5.791998386383057,80.7852783203125,0,79.96836853027344,11.491525650024414,34.24745178222656,0,-12.840116500854492,86.80025482177734,0.8565958738327026,0,0.5877475142478943,0.04913555085659027,0.6714276671409607,1],[7,-33.76499557495117,80.7806396484375,5.856326103210449,0,79.96836853027344,34.256595611572266,-11.464248657226562,0,-12.840116500854492,0.9257150888442993,-86.7995376586914,0,0.3881746232509613,0.671466588973999,-0.04860087111592293,1],[7,-26.09381103515625,47.70235824584961,-68.8729248046875,0,72.14217376708984,-23.88349151611328,-43.87446212768555,0,-42.596981048583984,-69.67027282714844,-32.11593246459961,0,0.23747046291828156,0.08072908967733383,-0.6914553046226501,1]],8,8,8,8,8,8,8,8,8,8,8,8,8,8,8,8,8,8,8,8,8,8]]],0,0,[],[],[]],[[[6,".bin",2184526039,[{"primitives":[{"primitiveMode":7,"vertexBundelIndices":[0],"indexView":{"offset":648,"length":48,"count":24,"stride":2}}],"vertexBundles":[{"view":{"offset":0,"length":648,"count":9,"stride":72},"attributes":[{"name":"a_position","format":32,"isNormalized":false},{"name":"a_normal","format":32,"isNormalized":false},{"name":"a_texCoord","format":21,"isNormalized":false},{"name":"a_tangent","format":44,"isNormalized":false},{"name":"a_joints","format":42,"isNormalized":false},{"name":"a_weights","format":44,"isNormalized":false}]}]},"minPosition",8,[1,-0.009095229208469391,-0.00829001609236002,-0.0038153051864355803],"maxPosition",8,[1,-0.002438712865114212,-0.0038237078115344048,0.0021244001109153032]]],-1],0,0,[],[],[]],[[[6,".bin",2718085466,[{"primitives":[{"primitiveMode":7,"vertexBundelIndices":[0],"indexView":{"offset":2016,"length":264,"count":132,"stride":2}}],"vertexBundles":[{"view":{"offset":0,"length":2016,"count":28,"stride":72},"attributes":[{"name":"a_position","format":32,"isNormalized":false},{"name":"a_normal","format":32,"isNormalized":false},{"name":"a_texCoord","format":21,"isNormalized":false},{"name":"a_tangent","format":44,"isNormalized":false},{"name":"a_joints","format":42,"isNormalized":false},{"name":"a_weights","format":44,"isNormalized":false}]}]},"minPosition",8,[1,0.004531483631581068,-0.006827499717473984,-0.009057947434484959],"maxPosition",8,[1,0.00610683299601078,-0.003189224749803543,0.0015691547887399793]]],-1],0,0,[],[],[]],[[[14,"Skin-2",1928083474,["RootNode/Bip001/Bip001 Pelvis/Bip001 Spine/Bip001 Spine1/Bip001 Neck/Bip001 L Clavicle/Bip001 L UpperArm/Bip001 L Forearm/Bip001 L Hand/sword01"],[[[7,-0.000007191588792920811,-0.00005849258377566002,-87.7490005493164,0,24.115726470947266,-84.3700942993164,0.0000542638408660423,0,-84.37010192871094,-24.115724563598633,0.000022989974240772426,0,-0.00041664036689326167,-0.5413689017295837,0.47052377462387085,1]],8]]],0,0,[],[],[]],[[[14,"Skin-3",3487038830,["RootNode/Bip001/Bip001 Pelvis/Bip001 Spine/Bip001 Spine1/Bip001 Neck/Bip001 R Clavicle/Bip001 R UpperArm/Bip001 R Forearm/Bip001 R Hand/shield01"],[[[7,-26.09381103515625,47.70235824584961,-68.8729248046875,0,72.14216613769531,-23.883501052856445,-43.87446594238281,0,-42.59699249267578,-69.6702651977539,-32.11592483520508,0,0.24138452112674713,0.08198083937168121,-0.6857008934020996,1]],8]]],0,0,[],[],[]],[[[6,".bin",428950450,[{"primitives":[{"primitiveMode":7,"vertexBundelIndices":[0],"indexView":{"offset":6480,"length":480,"count":240,"stride":2}}],"vertexBundles":[{"view":{"offset":0,"length":6480,"count":90,"stride":72},"attributes":[{"name":"a_position","format":32,"isNormalized":false},{"name":"a_normal","format":32,"isNormalized":false},{"name":"a_texCoord","format":21,"isNormalized":false},{"name":"a_tangent","format":44,"isNormalized":false},{"name":"a_joints","format":42,"isNormalized":false},{"name":"a_weights","format":44,"isNormalized":false}]}]},"minPosition",8,[1,-0.009095229208469391,-0.00861329771578312,-0.0038153051864355803],"maxPosition",8,[1,-0.0022758706472814083,-0.0038237078115344048,0.002340445527806878]]],-1],0,0,[],[],[]],[[[14,"Skin-1",1546018204,["RootNode/Bip001/Bip001 Pelvis/Bip001 Spine/Bip001 Spine1/Bip001 Neck/Bip001 R Clavicle/Bip001 R UpperArm/Bip001 R Forearm/Bip001 R Hand/shield01"],[[[7,-26.09381103515625,47.70235824584961,-68.8729248046875,0,72.14216613769531,-23.883501052856445,-43.87446594238281,0,-42.59699249267578,-69.6702651977539,-32.11592483520508,0,0.23747046291828156,0.08072908967733383,-0.6914553046226501,1]],8]]],0,0,[],[],[]]]]
