[1,0,0,["cc.ImageAsset","cc.TextureCube"],0,[[[{"base":"2,2,0,0,2,1","rgbe":false,"mipmaps":[{"front":"5a8gG1WVFOLKgfrEqtkTLL@b47c0@e9a6d","back":"5a8gG1WVFOLKgfrEqtkTLL@b47c0@40c10","left":"5a8gG1WVFOLKgfrEqtkTLL@b47c0@8fd34","right":"5a8gG1WVFOLKgfrEqtkTLL@b47c0@74afd","top":"5a8gG1WVFOLKgfrEqtkTLL@b47c0@bb97f","bottom":"5a8gG1WVFOLKgfrEqtkTLL@b47c0@7d38f"}]}],[1],0,[],[],[]],[[{"fmt":"1","w":0,"h":0},-1],[0],0,[],[],[]],[[{"fmt":"1","w":0,"h":0},-1],[0],0,[],[],[]],[[{"fmt":"1","w":0,"h":0},-1],[0],0,[],[],[]],[[{"fmt":"1","w":0,"h":0},-1],[0],0,[],[],[]],[[{"fmt":"1","w":0,"h":0},-1],[0],0,[],[],[]],[[{"fmt":"1","w":0,"h":0},-1],[0],0,[],[],[]]]]
